timestamp_ms,mid_price,spread_ticks,order_latency_ms,fill_ratio,imbalance,micro_vol,pnl_ticks,err_inc,cause,mu_norm,sg_norm,success_window_ms,recovered_within_target,gateway_primary_latency_ms,gateway_secondary_latency_ms,queue_depth_primary,queue_depth_secondary,active_primary
0,4050.04,2.47,20.98,0.498,0.284,1.552,-0.542,2,150,3.497,1.294,328,0,27.61,10.47,18.11,6.93,0
100,4049.7,1.54,19.57,0.245,-0.319,1.206,-0.297,1,6,3.261,1.005,166,0,27.43,10.31,10.18,12.37,0
200,4049.52,3.26,22.87,0.581,0.156,0.89,-0.439,1,130,3.812,0.741,210,1,30.87,12.48,25.91,13.2,0
300,4049.57,1.04,20.6,0.563,-0.075,0.82,-0.401,2,22,3.434,0.684,278,0,29.94,9.35,12.61,19.64,0
400,4050.06,2.39,20.24,0.401,-0.364,1.241,-0.317,2,2,3.373,1.034,466,0,27.26,8.4,26.5,8.62,0
500,4050.02,2.15,20.4,0.329,0.262,1.073,-0.59,2,146,3.4,0.894,446,0,26.88,7.65,4.7,19.97,0
600,4050.36,1.72,22.56,0.52,0.509,1.184,-0.475,2,22,3.761,0.986,253,0,29.73,8.68,9.26,11.23,0
700,4050.29,2.41,13.36,0.501,-0.029,1.486,0.037,1,134,2.226,1.238,339,0,21.38,6.86,21.68,19.58,0
800,4050.35,1.91,10.28,0.654,0.024,1.437,-0.18,2,18,1.713,1.198,219,1,12.3,3.13,14.51,13.99,0
900,4050.66,2.29,19.73,0.066,0.465,0.602,-0.675,0,6,3.288,0.502,259,1,25.08,10.53,14.07,11.79,0
1000,4050.92,2.2,18.97,0.442,0.108,0.984,0.006,2,6,3.162,0.82,120,1,24.43,5.05,17.14,20.29,0
1100,4051.14,1.63,12.36,0.2,-0.681,1.308,-0.272,0,128,2.061,1.09,385,1,13.95,9.24,11.66,18.83,0
1200,4051.08,2.21,17.26,0.636,0.25,0.43,-0.178,2,134,2.876,0.358,259,0,23.59,6.76,13.86,17.16,0
1300,4050.85,1.54,23.1,0.424,-0.439,0.672,-0.475,2,130,3.85,0.56,403,0,32.35,11.87,8.55,17.28,0
1400,4050.82,2.69,18.3,0.598,0.207,0.688,-0.203,3,4,3.051,0.573,251,0,25.17,8.57,13.22,9.52,0
1500,4050.68,1.58,23.56,0.271,-0.781,1.039,0.077,2,150,3.927,0.866,350,0,32.63,11.77,19.29,16.65,0
1600,4050.62,2.4,16.19,0.386,-0.423,0.911,-0.162,2,150,2.698,0.759,217,0,19.69,7.94,14.21,11.84,0
1700,4050.46,1.65,12.92,0.764,-0.59,1.642,0.026,3,150,2.153,1.368,260,1,17.58,6.31,17.84,21.45,0
1800,4050.81,2.88,21.24,0.709,-0.145,0.678,-0.357,2,150,3.54,0.565,338,0,29.02,9.58,18.44,22.68,0
1900,4050.63,2.25,16.71,0.473,-0.294,0.611,-0.194,2,134,2.786,0.509,206,0,19.11,6.65,16.3,16.56,0
2000,4050.45,2.51,18.24,0.277,-0.062,1.416,-0.304,0,150,3.04,1.18,437,0,23.16,8.05,19.81,9.13,0
2100,4050.74,2.06,17.39,0.313,-0.052,1.153,-0.232,4,22,2.899,0.961,231,0,24.04,6.5,16.66,8.98,0
2200,4050.74,2.6,16.46,0.335,-0.125,1.401,-0.646,1,130,2.743,1.168,426,0,22.93,5.37,22.93,12.67,0
2300,4050.35,2.17,19.64,0.632,-0.05,0.548,-0.355,2,2,3.273,0.457,266,0,24.91,11.16,14.63,14.05,0
2400,4050.74,2.18,14.26,0.468,-0.076,1.48,-0.435,1,22,2.377,1.234,339,0,18.26,10.62,14.86,16.05,0
2500,4050.57,1.6,13.89,0.309,0.079,1.069,-0.272,1,2,2.316,0.891,418,0,18.14,7.09,16.66,13.13,0
2600,4050.53,2.43,13.31,0.56,0.051,1.439,-0.318,3,18,2.219,1.199,285,0,15.4,7.4,16.49,15.5,0
2700,4050.54,2.14,20.97,0.509,-0.119,1.006,0.166,2,18,3.495,0.838,230,0,27.09,10.15,11.91,13.26,0
2800,4050.39,1.56,20.25,0.473,0.161,2.085,-0.583,1,130,3.375,1.738,298,0,27.28,6.65,18.96,10.62,0
2900,4050.5,2.0,16.2,0.45,-0.063,1.812,-0.154,3,18,2.701,1.51,389,0,23.05,6.16,11.14,18.19,0
3000,4050.39,1.47,20.59,0.461,-0.681,0.691,0.003,3,18,3.432,0.576,222,0,27.13,8.01,15.57,20.25,0
3100,4050.38,2.35,27.29,0.434,0.614,0.093,-0.738,2,146,4.548,0.078,240,0,35.44,11.4,19.36,9.43,0
3200,4050.53,2.13,17.2,0.728,0.441,1.564,-0.207,3,134,2.866,1.303,297,1,22.81,10.34,14.91,8.73,0
3300,4050.21,1.96,12.62,0.579,-0.532,0.991,-0.623,1,2,2.103,0.826,341,1,15.84,4.27,12.86,9.09,0
3400,4050.09,0.76,23.85,0.639,0.346,1.663,-0.083,1,22,3.974,1.386,415,1,31.9,11.02,17.66,20.64,0
3500,4050.13,2.6,17.51,0.401,-0.266,1.692,-0.702,1,22,2.919,1.41,120,0,22.44,10.86,8.87,9.58,0
3600,4050.44,2.57,16.18,0.326,0.33,0.272,-0.337,2,18,2.696,0.226,368,0,23.44,8.28,14.11,13.67,0
3700,4050.38,1.43,17.43,0.0,0.203,0.951,-0.945,2,18,2.905,0.793,463,0,24.34,8.19,23.53,15.52,0
3800,4050.55,1.7,26.23,0.391,-0.097,0.481,-0.324,3,150,4.372,0.401,396,0,37.31,9.19,17.71,21.6,0
3900,4050.68,1.93,12.02,0.197,-0.763,0.812,-0.579,2,146,2.004,0.676,367,1,16.97,4.19,16.96,24.48,0
4000,4050.82,2.77,21.55,0.235,-0.528,1.629,-0.105,1,4,3.592,1.358,363,0,29.95,8.8,12.95,16.48,0
4100,4050.58,1.79,18.21,0.263,0.098,0.129,-0.441,0,128,3.034,0.107,259,0,24.2,4.47,12.35,17.01,0
4200,4050.78,1.07,17.56,0.457,-0.262,0.671,-0.1,1,148,2.927,0.559,301,0,22.85,10.0,13.62,10.53,0
4300,4050.68,2.54,21.04,0.553,-0.328,1.401,-0.47,2,6,3.507,1.167,352,0,26.98,12.73,10.26,8.81,0
4400,4050.72,1.4,16.84,0.464,-0.559,2.461,-0.242,4,18,2.807,2.051,309,0,25.76,5.21,14.88,14.86,0
4500,4050.37,2.21,18.71,0.594,-0.237,0.87,-0.348,0,18,3.119,0.725,254,0,24.95,8.23,18.85,19.59,0
4600,4050.28,2.72,20.47,0.253,0.437,0.731,-0.633,2,146,3.411,0.609,203,0,27.71,7.54,15.57,6.38,0
4700,4049.97,2.78,17.64,0.348,1.0,1.739,-0.285,3,130,2.941,1.449,268,0,22.06,6.27,15.93,16.19,0
4800,4050.2,1.97,20.46,0.287,0.291,0.729,-0.296,2,2,3.41,0.608,247,0,24.69,10.2,17.91,9.51,0
4900,4050.37,2.5,17.43,0.515,0.571,0.855,-0.777,3,2,2.905,0.712,206,0,24.01,8.55,10.93,14.43,0
5000,4050.62,2.08,21.41,0.4,0.357,1.458,-0.609,1,4,3.569,1.215,234,1,29.07,8.32,13.88,15.65,0
5100,4050.59,1.88,15.46,0.085,-0.612,0.935,-0.355,2,18,2.576,0.779,422,1,19.45,7.68,16.67,10.21,0
5200,4050.62,1.79,18.16,0.465,0.395,1.792,-0.738,2,18,3.027,1.494,225,0,21.53,6.06,15.16,16.86,0
5300,4050.55,2.39,17.86,0.456,0.125,1.079,-0.432,1,150,2.977,0.899,336,0,23.81,9.35,15.1,14.37,0
5400,4050.55,2.41,17.55,0.346,0.506,0.403,-0.533,3,134,2.925,0.336,140,1,24.66,9.3,17.8,19.07,0
5500,4050.44,2.5,18.42,0.462,0.074,0.212,-0.138,2,150,3.071,0.177,229,0,22.94,7.17,16.25,7.19,0
5600,4050.17,1.78,18.55,0.314,0.728,1.309,-0.236,3,18,3.092,1.091,221,0,24.78,8.6,17.92,21.44,0
5700,4050.13,2.71,14.6,0.539,-0.343,1.156,0.083,1,146,2.433,0.963,120,0,19.35,6.97,4.05,11.84,0
5800,4050.2,2.12,17.9,0.361,0.382,0.991,-0.089,2,2,2.983,0.826,243,0,22.65,9.8,12.42,16.06,0
5900,4050.48,2.22,19.6,0.33,-0.158,1.134,0.172,3,6,3.266,0.945,120,0,24.62,11.9,20.34,11.94,0
6000,4050.56,1.27,15.54,0.666,0.178,1.196,-0.446,2,22,2.589,0.997,348,0,23.45,7.82,13.1,14.61,0
6100,4050.35,2.51,15.95,0.366,0.121,0.849,-0.063,1,150,2.658,0.708,289,1,21.36,8.47,16.2,20.46,0
6200,4050.48,2.81,15.92,0.363,-0.943,1.822,-0.203,2,20,2.653,1.519,175,0,21.84,6.28,15.33,12.54,0
6300,4050.78,2.19,18.66,0.284,-0.296,1.474,-0.299,0,6,3.11,1.228,266,1,25.37,7.31,12.06,7.29,0
6400,4050.78,1.43,14.13,0.27,-0.272,1.15,0.018,2,2,2.355,0.958,197,1,19.96,5.62,18.6,11.56,0
6500,4051.01,1.91,21.95,0.201,-0.064,1.295,-0.687,2,2,3.658,1.079,384,0,30.43,9.73,12.97,13.3,0
6600,4050.78,2.17,19.77,0.263,0.097,1.494,-0.549,2,22,3.295,1.245,176,0,29.11,9.15,13.33,8.5,0
6700,4050.79,2.83,18.65,0.433,-0.414,0.643,-0.584,2,6,3.108,0.536,225,1,24.37,6.0,18.1,20.87,0
6800,4050.66,2.37,19.53,0.123,-0.625,1.059,0.123,0,132,3.255,0.882,326,1,26.47,8.39,14.12,18.7,0
6900,4050.61,1.69,9.62,0.666,0.096,1.369,-0.33,1,144,1.604,1.141,330,0,14.35,3.92,16.38,20.57,0
7000,4050.45,1.61,17.21,0.511,0.24,1.367,-0.552,2,6,2.868,1.139,329,1,21.01,5.26,18.03,18.05,0
7100,4050.54,2.84,20.81,0.428,-0.115,0.967,-0.332,2,146,3.468,0.806,314,0,26.69,8.05,13.19,23.06,0
7200,4050.37,2.11,20.31,0.656,-0.002,1.068,-0.235,3,22,3.384,0.89,368,0,28.76,8.33,12.96,10.91,0
7300,4050.35,1.84,16.13,0.582,-0.208,1.261,-0.401,4,146,2.688,1.051,240,1,22.59,2.5,15.21,14.01,0
7400,4050.61,1.93,20.78,0.428,0.393,1.316,-0.173,2,6,3.463,1.096,178,0,28.56,7.22,14.14,10.62,0
7500,4050.41,2.14,19.63,0.311,-0.375,0.805,-0.551,2,18,3.272,0.671,327,0,27.97,9.9,12.65,10.14,0
7600,4050.72,1.35,17.06,0.347,0.21,0.408,-0.54,3,150,2.843,0.34,352,0,22.1,9.41,15.79,9.24,0
7700,4050.69,2.53,18.89,0.438,-0.226,1.286,-0.327,1,150,3.148,1.072,211,0,24.67,7.06,13.36,10.38,0
7800,4050.55,2.1,18.06,0.616,0.289,1.586,-0.254,3,2,3.01,1.322,120,0,23.19,9.53,24.14,20.07,0
7900,4050.71,2.27,21.4,0.412,0.751,2.084,-0.663,2,134,3.567,1.737,207,0,28.39,9.92,16.46,6.37,0
8000,4050.72,2.3,23.62,0.241,-0.043,0.869,-0.278,2,4,3.937,0.724,282,0,31.03,9.13,12.52,17.66,0
8100,4050.96,1.67,15.05,0.344,0.562,0.945,-0.418,3,4,2.509,0.788,248,0,21.12,7.19,26.72,17.69,0
8200,4050.95,1.78,20.48,0.319,-0.187,1.253,-0.024,2,150,3.413,1.045,284,0,25.73,9.01,13.69,18.02,0
8300,4050.86,2.06,18.63,0.455,-0.066,0.873,-0.37,3,150,3.105,0.727,316,0,25.41,8.0,13.35,9.21,0
8400,4051.03,2.25,18.13,0.35,-0.234,1.192,-0.188,1,6,3.021,0.993,313,0,26.46,6.79,18.13,15.2,0
8500,4051.09,1.61,18.39,0.054,-0.065,0.951,-0.397,4,20,3.065,0.792,220,0,25.86,7.13,13.13,14.24,0
8600,4050.81,3.05,23.38,0.431,0.141,0.429,0.257,2,22,3.897,0.358,243,1,33.04,10.51,18.72,17.18,0
8700,4051.04,2.73,15.05,0.677,-0.342,0.542,-0.482,1,22,2.508,0.451,317,0,21.68,5.94,13.09,11.24,0
8800,4050.8,2.73,16.81,0.373,0.391,0.932,-0.347,2,20,2.802,0.777,513,1,22.34,6.69,16.1,12.6,0
8900,4050.83,2.18,22.65,0.38,0.065,1.207,-0.768,2,128,3.775,1.006,145,0,33.2,12.46,6.41,20.16,0
9000,4050.93,2.22,19.5,0.177,0.55,1.582,-0.467,2,22,3.25,1.319,275,0,24.22,7.94,15.42,8.45,0
9100,4050.76,1.83,14.45,0.456,-0.037,1.717,-0.41,2,22,2.409,1.43,260,0,17.76,5.22,20.76,11.86,0
9200,4050.86,2.61,17.56,0.498,0.335,1.311,0.084,2,2,2.927,1.093,243,1,24.86,5.88,17.64,14.37,0
9300,4050.78,2.32,16.59,0.689,0.029,1.823,-0.551,2,2,2.765,1.519,244,0,22.7,8.47,15.78,11.01,0
9400,4050.67,1.84,18.96,0.461,0.032,1.235,-0.253,1,150,3.16,1.03,373,0,27.05,7.6,17.6,19.95,0
9500,4050.83,1.81,15.93,0.795,0.369,1.394,0.012,2,22,2.655,1.162,164,0,21.78,6.52,15.33,10.65,0
9600,4050.56,1.65,14.69,0.273,-0.175,0.391,-0.008,2,2,2.449,0.326,223,1,19.22,5.45,19.34,21.02,0
9700,4050.43,2.78,13.35,0.554,0.125,0.144,-0.369,1,4,2.225,0.12,269,1,18.85,6.28,17.3,16.03,0
9800,4050.42,1.29,17.59,0.125,0.381,1.395,-0.317,0,22,2.931,1.163,181,0,22.85,8.95,19.24,17.55,0
9900,4050.72,2.05,18.24,0.51,0.163,1.158,-0.334,2,22,3.041,0.965,388,0,24.28,10.78,9.86,12.1,0
10000,4050.41,2.0,17.9,0.572,0.277,1.87,-0.167,2,150,2.983,1.558,284,1,22.96,7.5,15.08,14.4,0
10100,4050.38,2.33,20.79,0.168,-0.127,0.923,-0.665,2,2,3.465,0.769,152,1,27.64,12.07,19.18,13.47,0
10200,4050.25,1.78,14.84,0.545,-0.302,1.341,0.033,1,130,2.473,1.118,258,0,19.57,6.31,20.53,12.31,0
10300,4050.1,2.31,18.43,0.0,0.432,1.253,-0.25,1,146,3.072,1.044,236,0,24.95,8.36,15.14,12.56,0
10400,4050.11,2.08,20.06,0.348,0.075,1.217,-0.434,3,2,3.343,1.014,192,0,27.97,7.26,17.09,13.78,0
10500,4050.32,1.71,27.73,0.0,0.23,1.167,0.171,2,18,4.622,0.972,289,1,36.17,11.21,13.71,15.18,0
10600,4050.19,1.92,15.93,0.5,0.262,0.724,-0.09,3,128,2.654,0.604,444,0,22.69,6.88,13.77,11.21,0
10700,4049.94,2.69,14.88,0.506,-0.08,0.606,-0.201,1,132,2.48,0.505,170,1,21.45,6.14,8.43,9.43,0
10800,4050.16,2.18,19.91,0.0,-0.496,1.61,-0.096,1,146,3.319,1.341,120,1,27.39,10.41,14.88,17.01,0
10900,4050.6,1.68,19.42,0.335,0.417,1.174,-0.378,2,2,3.237,0.978,265,0,27.76,10.85,15.4,14.63,0
11000,4050.43,2.35,20.35,0.133,0.426,1.331,-0.74,2,18,3.392,1.109,286,0,27.53,8.9,16.9,8.13,0
11100,4050.81,2.35,19.54,0.117,0.458,1.033,-0.449,2,20,3.257,0.861,411,0,25.59,8.98,16.91,14.52,0
11200,4051.05,2.63,19.0,0.367,0.435,0.054,0.493,2,20,3.166,0.045,120,0,25.96,7.7,13.04,7.23,0
11300,4051.13,1.98,18.88,0.656,-0.351,1.76,-0.504,2,132,3.146,1.467,209,0,24.62,10.64,21.38,15.64,0
11400,4050.83,2.69,17.7,0.346,0.414,0.792,-0.357,2,132,2.951,0.66,388,1,24.63,9.44,20.18,14.92,0
11500,4050.46,1.47,15.29,0.439,-0.0,1.434,0.39,1,2,2.548,1.195,383,0,20.45,9.85,17.97,18.98,0
11600,4050.65,1.31,22.14,0.342,0.026,1.236,-0.47,2,134,3.689,1.03,195,0,29.57,7.35,10.96,5.63,0
11700,4050.99,1.61,15.77,0.572,0.324,1.476,-0.364,2,130,2.628,1.23,425,1,22.43,7.75,9.12,16.3,0
11800,4050.64,1.35,13.62,0.329,0.286,1.598,-0.832,2,6,2.27,1.332,120,0,17.32,2.5,12.9,12.99,0
11900,4050.32,2.22,18.11,0.253,-0.205,1.039,-0.454,1,150,3.018,0.866,211,0,24.44,11.55,22.04,8.07,0
12000,4050.18,1.99,11.35,0.46,0.254,2.284,-0.613,2,134,1.892,1.904,453,0,16.71,4.65,12.66,19.74,0
12100,4050.27,1.67,17.61,0.773,1.0,0.989,-0.086,1,22,2.935,0.824,120,0,24.76,10.23,15.35,15.72,0
12200,4050.29,2.28,24.37,0.458,0.318,1.996,-0.363,2,6,4.062,1.663,120,0,34.66,10.11,15.81,16.06,0
12300,4050.14,1.63,24.8,0.579,0.079,0.617,-0.468,1,6,4.133,0.514,120,0,30.8,12.04,15.56,10.88,0
12400,4050.02,2.69,19.66,0.438,0.517,1.278,-0.513,1,134,3.277,1.065,358,1,26.87,11.49,13.55,8.95,0
12500,4049.9,2.11,19.53,0.257,-0.344,0.964,-0.91,2,132,3.256,0.803,266,0,25.56,6.14,18.89,17.27,0
12600,4049.54,1.72,14.24,0.614,0.604,0.136,0.02,2,148,2.374,0.114,223,1,19.68,5.6,16.24,6.79,0
12700,4049.27,2.26,19.39,0.404,0.06,0.679,-0.364,2,4,3.231,0.566,349,0,26.39,7.95,14.13,12.9,0
12800,4048.87,1.75,15.24,0.614,-0.048,1.327,-0.447,1,128,2.541,1.106,371,1,21.45,9.47,17.6,10.67,0
12900,4048.9,2.38,18.13,0.221,-0.005,1.437,-0.031,3,132,3.021,1.197,152,1,23.62,8.03,9.86,5.26,0
13000,4048.95,2.69,16.24,0.273,0.244,1.378,-0.263,2,134,2.707,1.148,413,0,20.29,9.75,14.51,10.12,0
13100,4048.8,1.97,20.93,0.395,-0.246,0.883,0.021,3,6,3.488,0.736,149,0,27.29,9.69,26.76,9.12,0
13200,4048.54,2.42,17.32,0.144,-0.826,0.587,0.154,1,22,2.886,0.489,250,0,24.17,6.83,13.68,14.8,0
13300,4048.69,2.18,15.7,0.347,-0.175,1.099,-0.364,2,134,2.617,0.916,178,0,22.41,9.88,13.77,10.67,0
13400,4048.7,1.83,15.87,0.327,0.103,1.595,-0.212,3,150,2.645,1.329,166,1,20.78,10.83,5.91,22.17,0
13500,4048.3,2.08,14.97,0.239,-0.888,2.094,-0.162,1,132,2.495,1.745,262,0,21.66,5.02,10.23,16.5,0
13600,4048.38,2.86,24.5,0.523,0.364,1.377,-0.724,2,134,4.083,1.147,369,0,33.57,9.19,22.84,7.24,0
13700,4048.37,3.38,15.51,0.189,0.629,0.897,-0.257,1,6,2.585,0.747,270,0,21.48,9.51,20.22,15.18,0
13800,4048.35,2.18,18.45,0.255,0.235,1.765,-0.309,3,134,3.075,1.471,307,0,24.51,6.08,10.83,14.17,0
13900,4048.16,2.35,17.27,0.775,-0.125,1.16,0.224,2,134,2.878,0.966,134,0,24.85,6.41,23.14,13.17,0
14000,4048.32,1.81,16.2,0.128,-0.707,1.643,-0.685,2,18,2.699,1.369,180,0,20.71,5.93,16.55,13.6,0
14100,4048.21,2.29,12.45,0.298,0.46,1.254,-0.031,2,22,2.075,1.045,217,0,15.83,5.2,13.08,19.01,0
14200,4048.16,1.96,20.64,0.31,0.081,0.672,-0.354,1,144,3.44,0.56,315,0,26.68,7.44,19.06,18.92,0
14300,4048.42,2.3,17.97,0.515,-0.211,1.255,-0.515,2,22,2.995,1.046,225,0,23.4,6.24,8.79,14.0,0
14400,4048.29,1.76,23.26,0.565,-0.045,1.123,-0.073,2,22,3.876,0.936,284,0,31.47,10.13,20.56,10.76,0
14500,4048.07,2.93,19.08,0.517,0.644,0.584,-0.31,1,150,3.18,0.486,267,1,26.19,9.85,26.03,6.25,0
14600,4048.16,2.32,12.64,0.339,0.347,0.976,-0.544,2,18,2.107,0.813,249,1,16.49,3.03,19.13,11.29,0
14700,4047.94,0.98,17.6,0.472,-0.335,1.215,-0.488,1,132,2.934,1.012,152,0,23.92,7.93,18.47,7.88,0
14800,4047.88,2.22,15.57,0.362,-0.267,1.615,-0.033,1,2,2.595,1.346,234,0,21.64,5.06,21.62,9.45,0
14900,4047.6,2.17,21.94,0.35,-0.068,0.908,-0.77,3,134,3.656,0.757,227,0,29.58,9.63,17.32,24.61,0
15000,4047.86,2.29,18.73,0.305,0.161,1.556,-0.111,2,22,3.122,1.297,301,0,26.0,7.89,16.42,16.32,0
15100,4047.82,1.93,14.27,0.667,0.169,1.915,-0.503,2,130,2.378,1.596,269,0,19.46,6.82,14.09,16.8,0
15200,4047.77,1.82,20.46,0.345,0.093,0.601,-0.268,0,16,3.411,0.501,308,0,26.65,6.75,8.54,20.28,0
15300,4047.56,1.67,21.39,0.335,0.082,1.319,-0.021,2,6,3.564,1.099,356,0,28.81,10.54,14.05,9.02,0
15400,4047.39,2.64,15.7,0.284,-0.358,0.611,-0.304,2,6,2.617,0.51,349,0,20.61,9.65,20.47,19.65,0
15500,4047.46,1.88,11.77,0.512,-0.342,1.437,-0.759,1,144,1.962,1.198,286,1,15.62,7.54,17.5,14.71,0
15600,4047.43,2.38,13.19,0.317,0.031,0.589,-0.854,1,6,2.199,0.491,305,0,17.29,8.75,17.37,11.29,0
15700,4047.17,2.37,17.14,0.416,-0.219,0.58,-0.281,2,22,2.857,0.483,358,0,24.56,6.19,12.5,10.77,0
15800,4047.06,1.65,15.43,0.499,0.648,1.566,-0.333,2,132,2.571,1.305,297,1,19.04,4.71,20.67,10.81,0
15900,4046.9,2.84,14.13,0.324,0.372,1.549,0.243,1,150,2.354,1.291,173,0,18.68,5.25,16.43,14.52,0
16000,4046.67,1.4,17.49,0.333,0.483,1.464,-0.748,2,18,2.916,1.22,277,1,23.09,9.16,11.62,14.75,0
16100,4046.53,1.7,16.24,0.538,-0.56,1.233,-0.474,2,146,2.706,1.028,370,0,22.67,10.31,17.81,18.38,0
16200,4046.67,2.08,15.66,0.329,-0.374,1.202,-0.504,3,134,2.611,1.002,330,0,20.35,7.83,10.56,8.67,0
16300,4046.87,1.86,22.77,0.735,-0.402,1.906,-0.116,2,128,3.794,1.589,461,0,31.42,9.15,11.2,15.36,0
16400,4046.5,3.52,18.5,0.922,-0.033,1.029,0.193,2,22,3.083,0.858,343,0,24.34,7.29,11.88,13.14,0
16500,4046.16,2.05,21.51,0.355,0.547,1.44,-0.035,2,134,3.585,1.2,282,0,27.35,9.34,16.96,8.49,0
16600,4046.11,2.0,21.46,0.373,0.207,0.94,-1.129,0,134,3.577,0.783,374,0,28.9,9.97,13.94,24.57,0
16700,4046.29,2.4,18.02,0.227,0.448,1.044,-0.572,1,6,3.003,0.87,257,1,24.9,8.14,21.1,13.42,0
16800,4045.9,0.82,18.32,0.505,0.054,1.537,-0.188,2,22,3.053,1.281,411,0,27.27,8.24,13.19,10.62,0
16900,4045.93,2.39,21.39,0.202,0.505,0.983,-0.087,2,150,3.564,0.819,275,0,32.27,8.24,18.7,17.24,0
17000,4046.14,2.26,17.41,0.248,0.405,1.516,-0.714,1,2,2.902,1.264,306,0,21.85,7.4,15.77,16.46,0
17100,4046.11,1.61,16.63,0.467,-0.059,1.365,-0.895,2,134,2.772,1.137,252,1,21.73,5.29,12.17,17.7,0
17200,4046.12,1.63,19.22,0.216,0.511,1.592,-0.272,1,146,3.203,1.327,244,0,24.79,12.01,14.9,14.75,0
17300,4046.24,2.22,15.92,0.194,-0.078,1.23,0.055,1,22,2.654,1.025,296,1,20.77,6.55,11.25,5.78,0
17400,4046.75,2.28,19.52,0.255,0.706,0.543,-0.275,2,150,3.254,0.453,284,0,25.66,10.62,14.47,17.94,0
17500,4047.03,2.52,12.2,0.628,-0.006,1.781,0.345,1,18,2.034,1.484,171,0,16.6,5.78,14.82,11.41,0
17600,4046.88,2.35,18.63,0.443,0.352,0.663,-0.521,1,132,3.105,0.552,220,0,23.29,11.19,13.11,18.19,0
17700,4046.92,2.46,18.39,0.246,0.288,1.373,0.008,2,130,3.065,1.144,228,0,23.14,4.62,8.92,9.5,0
17800,4046.81,2.6,13.01,0.18,-0.441,0.811,0.09,2,22,2.168,0.676,125,0,17.84,5.51,16.21,10.62,0
17900,4046.76,1.7,21.78,0.46,0.027,1.009,0.045,2,2,3.63,0.841,348,0,29.27,9.5,15.4,8.08,0
18000,4046.5,2.13,21.36,0.193,0.266,1.742,0.045,3,128,3.56,1.451,273,0,29.27,6.12,20.26,18.55,0
18100,4046.75,2.02,19.05,0.295,0.626,1.439,-0.193,2,146,3.175,1.199,247,1,23.79,5.69,13.46,11.96,0
18200,4046.83,2.12,20.14,0.642,-0.704,0.965,-0.1,2,18,3.357,0.804,300,0,28.11,9.95,11.2,14.19,0
18300,4046.79,1.67,19.5,0.657,-0.61,1.2,0.435,0,146,3.249,1.0,353,1,26.06,7.19,12.8,14.81,0
18400,4046.77,2.88,16.4,0.418,0.031,1.451,-0.543,2,4,2.733,1.209,120,0,23.11,7.03,8.87,7.85,0
18500,4046.84,1.73,20.01,0.128,-0.204,0.953,0.044,2,6,3.336,0.794,249,1,27.04,10.0,13.31,7.29,0
18600,4047.0,2.1,15.7,0.685,0.443,1.579,-0.223,1,150,2.616,1.316,234,0,22.56,8.27,15.86,17.29,0
18700,4047.23,2.42,23.42,0.473,-1.0,1.48,-0.201,2,18,3.903,1.233,199,0,33.1,11.88,7.52,10.28,0
18800,4047.35,2.94,14.38,0.442,0.201,1.076,-0.216,2,130,2.397,0.896,186,1,19.18,7.39,16.19,19.9,0
18900,4047.19,2.09,15.4,0.328,-0.245,0.512,-0.632,2,150,2.566,0.427,274,0,22.65,11.1,12.88,20.55,0
19000,4047.15,1.69,19.37,0.52,-0.187,0.811,-0.208,2,134,3.228,0.676,373,0,25.11,10.07,20.34,15.9,0
19100,4046.78,2.52,19.37,0.324,-0.193,1.444,-0.486,3,2,3.229,1.203,342,0,25.13,6.95,18.17,7.08,0
19200,4046.78,1.97,19.15,0.601,-0.138,1.209,0.323,3,130,3.192,1.008,223,0,27.65,11.57,14.85,13.25,0
19300,4046.67,1.79,18.33,0.217,0.07,1.053,-0.423,2,150,3.055,0.878,258,0,25.31,6.82,17.59,16.6,0
19400,4046.72,2.48,18.64,0.079,0.306,0.619,-0.159,2,18,3.106,0.516,308,0,24.94,9.93,15.96,12.03,0
19500,4046.78,1.39,12.83,0.231,-0.327,1.336,-0.203,1,134,2.139,1.114,292,0,15.25,6.27,12.14,20.12,0
19600,4046.93,2.47,18.63,0.212,0.279,0.865,-0.371,2,150,3.104,0.72,261,0,26.24,6.61,16.25,9.03,0
19700,4047.05,2.25,15.47,0.359,0.396,1.804,-0.464,3,146,2.579,1.503,121,0,21.34,7.18,14.31,15.9,0
19800,4047.2,2.34,21.3,0.241,0.173,1.059,-0.618,2,134,3.55,0.882,201,1,29.72,7.98,18.7,16.02,0
19900,4047.06,1.34,20.14,0.323,0.243,2.017,0.078,2,146,3.356,1.681,193,0,26.32,8.09,12.99,13.12,0
20000,4047.09,2.6,17.62,0.418,-0.41,0.448,-0.652,2,18,2.936,0.373,314,0,25.15,8.17,15.4,15.18,0
20100,4046.82,2.53,17.31,0.393,-0.384,1.809,-0.493,2,130,2.885,1.507,274,0,24.22,10.07,8.99,20.16,0
20200,4046.5,1.41,16.25,0.497,-0.037,0.785,-0.618,2,150,2.708,0.654,175,0,22.27,5.36,19.0,22.13,0
20300,4046.73,2.53,13.98,0.343,-0.154,1.595,-0.609,2,2,2.33,1.329,239,1,20.21,4.74,15.12,15.52,0
20400,4046.48,2.53,18.07,0.056,-0.315,1.535,-0.322,2,128,3.012,1.279,312,0,25.16,6.6,19.95,12.27,0
20500,4046.68,1.98,10.3,0.503,0.127,0.714,-0.062,2,130,1.717,0.595,260,0,12.75,4.12,11.82,12.11,0
20600,4046.76,2.08,17.04,0.339,-0.181,1.459,-0.018,1,22,2.84,1.216,249,0,24.72,4.48,19.77,17.35,0
20700,4046.65,2.07,15.4,0.499,-0.086,0.911,-0.088,3,146,2.566,0.76,290,1,19.43,3.85,15.99,20.12,0
20800,4046.72,1.79,16.67,0.253,0.185,1.686,-0.335,1,130,2.778,1.405,320,0,23.18,8.85,13.17,8.15,0
20900,4046.68,1.09,20.68,0.559,-0.255,0.871,-0.355,3,22,3.446,0.726,124,0,25.59,11.06,16.14,12.03,0
21000,4047.08,2.4,21.04,0.431,-0.219,1.336,-0.414,1,22,3.507,1.113,201,0,29.95,12.17,11.24,1.0,0
21100,4046.93,2.46,20.68,0.571,-0.106,0.582,0.389,3,150,3.447,0.485,338,1,27.35,8.94,21.3,20.68,0
21200,4046.91,1.4,17.94,0.461,0.137,1.462,-0.165,3,22,2.989,1.219,153,0,21.91,7.4,8.22,16.04,0
21300,4046.91,2.79,19.52,0.325,-0.158,1.56,-0.103,1,150,3.253,1.3,215,0,26.45,9.66,16.33,17.06,0
21400,4046.99,2.15,22.93,0.256,0.125,0.808,-0.308,1,150,3.822,0.674,208,1,30.35,6.97,13.24,13.96,0
21500,4047.26,2.33,14.61,0.703,0.438,0.803,-0.48,2,132,2.434,0.669,320,0,18.92,6.47,25.44,18.55,0
21600,4047.52,1.95,16.69,0.26,-0.01,0.936,-0.598,3,6,2.781,0.78,390,1,20.24,11.4,16.6,11.56,0
21700,4047.35,2.31,19.01,0.716,-0.027,1.423,-0.354,2,6,3.168,1.186,344,0,26.92,9.16,20.06,12.47,0
21800,4047.51,2.03,16.31,0.493,-0.884,1.262,0.029,2,22,2.719,1.052,253,0,22.58,6.35,10.86,13.67,0
21900,4047.44,1.65,14.24,0.25,-0.747,1.395,-0.34,2,134,2.373,1.162,289,1,19.78,7.92,15.78,13.55,0
22000,4047.69,2.48,15.46,0.463,-0.359,1.158,-0.134,3,134,2.576,0.965,304,0,21.17,7.83,12.52,20.37,0
22100,4047.72,2.43,15.24,0.606,0.22,0.588,-0.31,1,146,2.54,0.49,219,0,20.54,7.57,10.07,10.17,0
22200,4047.8,1.64,18.07,0.437,0.172,0.544,-0.388,2,2,3.011,0.454,120,0,24.84,10.17,10.61,11.47,0
22300,4047.93,1.88,13.85,0.345,-0.67,1.584,-0.112,3,22,2.308,1.32,294,0,20.01,5.4,20.12,5.38,0
22400,4047.7,2.84,24.76,0.659,0.23,1.282,-0.351,2,6,4.127,1.068,374,0,34.23,10.75,16.73,18.45,0
22500,4047.74,2.42,15.74,0.273,-0.033,0.801,-0.401,1,4,2.624,0.668,265,0,20.54,4.25,7.49,15.3,0
22600,4047.52,2.85,14.75,0.606,0.234,1.354,-0.432,3,6,2.459,1.128,237,0,21.39,8.96,14.48,10.45,0
22700,4047.1,2.01,17.04,0.483,0.488,0.826,-0.428,2,130,2.84,0.688,267,1,24.79,5.99,13.09,9.22,0
22800,4047.24,2.28,15.05,0.334,-0.165,0.965,0.099,2,2,2.509,0.805,344,1,20.11,7.91,14.52,12.58,0
22900,4047.4,2.17,21.18,0.352,-0.722,1.144,-0.768,2,150,3.53,0.953,246,0,29.14,10.89,19.59,4.45,0
23000,4047.49,2.28,19.67,0.483,-0.758,0.875,-0.121,1,146,3.278,0.729,280,0,24.11,6.86,20.27,18.04,0
23100,4047.57,2.4,23.08,0.196,-1.0,2.107,-0.223,2,146,3.847,1.756,279,1,30.3,14.14,14.15,15.04,0
23200,4047.33,1.43,14.46,0.535,0.018,1.578,-0.383,3,18,2.41,1.315,120,0,19.77,7.14,12.46,2.55,0
23300,4047.55,1.15,14.11,0.371,-0.092,0.762,-0.43,2,4,2.352,0.635,147,0,21.96,7.72,17.8,17.62,0
23400,4047.75,2.58,21.84,0.273,0.098,1.48,-0.302,3,150,3.639,1.233,187,0,27.17,11.08,18.05,17.81,0
23500,4047.69,2.63,21.19,0.413,-0.416,0.904,-0.423,2,2,3.531,0.753,251,0,26.87,8.48,18.96,14.32,0
23600,4047.63,1.97,14.37,0.257,0.061,1.571,-0.859,1,6,2.395,1.309,280,1,19.0,6.17,12.48,22.43,0
23700,4047.75,2.22,20.33,0.54,-0.403,0.617,-0.696,3,6,3.388,0.514,270,0,26.18,10.1,16.59,13.6,0
23800,4047.9,1.87,17.94,0.215,0.089,1.237,-0.509,2,18,2.989,1.031,281,1,25.12,7.38,13.41,16.85,0
23900,4047.95,2.91,23.69,0.44,0.074,1.555,0.168,2,2,3.949,1.296,297,0,31.97,11.84,18.15,12.37,0
24000,4047.78,1.83,17.23,0.785,0.145,1.218,-0.295,2,6,2.872,1.015,293,0,24.84,11.09,12.74,18.3,0
24100,4047.65,1.7,17.32,0.265,-0.988,1.253,-0.183,3,146,2.886,1.044,323,0,21.33,10.45,16.88,19.64,0
24200,4047.94,2.2,16.08,0.0,-0.356,0.045,-0.194,1,134,2.68,0.038,278,0,23.58,7.97,17.22,17.93,0
24300,4047.92,2.5,17.59,0.631,-0.831,0.463,0.257,2,2,2.931,0.386,311,1,24.19,10.54,15.29,8.79,0
24400,4048.17,1.7,17.0,0.21,-0.192,1.075,-0.409,2,150,2.834,0.896,278,0,23.71,6.95,16.24,18.87,0
24500,4048.09,2.49,21.43,0.329,0.598,0.691,-0.545,2,146,3.572,0.576,220,0,29.84,9.67,21.24,19.15,0
24600,4047.82,1.9,11.75,0.413,-0.562,1.122,-0.268,2,2,1.959,0.935,132,0,15.74,8.22,16.53,16.45,0
24700,4047.91,2.17,17.73,0.611,0.019,0.972,-0.582,2,134,2.956,0.81,196,0,21.12,8.33,16.12,13.62,0
24800,4048.21,1.94,19.14,0.273,-0.026,1.683,-0.191,1,2,3.19,1.402,198,0,25.73,10.62,14.38,16.28,0
24900,4048.11,1.98,17.74,0.56,-0.407,1.668,-0.251,2,20,2.956,1.39,301,0,23.81,7.33,12.96,19.75,0
25000,4048.31,1.61,12.56,0.776,0.508,0.661,-0.452,3,146,2.094,0.551,346,0,16.02,2.95,14.0,5.67,0
25100,4048.38,2.57,19.91,0.387,-0.048,1.575,-0.009,3,130,3.318,1.313,154,0,27.87,10.64,15.49,16.14,0
25200,4048.15,1.91,24.44,0.091,0.016,1.329,-0.713,1,132,4.073,1.108,221,0,33.7,10.99,19.0,15.62,0
25300,4047.98,1.77,17.65,0.489,-0.154,1.3,-0.402,2,2,2.942,1.084,329,0,22.42,7.0,9.86,17.56,0
25400,4048.02,2.06,17.47,0.268,-0.193,1.03,0.047,2,18,2.912,0.859,258,0,24.76,6.9,11.92,20.05,0
25500,4048.05,1.56,18.5,0.123,0.507,1.286,-0.112,1,6,3.084,1.072,120,0,28.15,10.34,17.8,12.3,0
25600,4048.01,2.09,20.66,0.605,-0.095,1.545,-0.297,2,146,3.444,1.288,147,0,28.41,6.19,9.18,9.86,0
25700,4048.3,1.89,17.97,0.555,0.124,0.317,-0.582,2,6,2.994,0.264,299,1,25.47,9.21,15.88,14.33,0
25800,4048.43,1.78,14.15,0.261,0.247,1.581,-0.097,2,2,2.358,1.318,380,0,18.99,8.99,15.21,6.03,0
25900,4048.56,2.32,15.86,0.447,0.507,0.416,-0.35,1,150,2.643,0.346,309,0,20.28,8.11,12.51,18.34,0
26000,4048.89,2.68,22.23,0.098,0.876,1.282,-0.293,1,6,3.705,1.069,227,0,30.71,11.06,12.07,15.92,0
26100,4048.69,1.65,24.06,0.633,-0.663,1.247,-0.912,3,16,4.011,1.039,335,0,32.53,10.4,13.45,14.4,0
26200,4048.91,2.24,12.85,0.568,-0.243,0.81,-0.582,2,20,2.141,0.675,186,1,18.71,5.52,20.4,16.29,0
26300,4048.9,2.51,21.84,0.578,-0.354,1.14,-0.303,2,150,3.64,0.95,223,0,29.23,10.86,16.46,12.74,0
26400,4049.32,1.96,15.64,0.526,-0.369,0.594,-0.315,3,2,2.606,0.495,293,0,19.31,8.13,17.28,14.05,0
26500,4049.54,2.32,17.21,0.591,-0.022,1.392,-0.578,3,2,2.868,1.16,218,1,22.76,8.0,13.8,5.62,0
26600,4049.73,1.8,22.3,0.617,0.307,1.309,0.081,1,6,3.716,1.091,274,0,30.76,10.39,21.89,13.58,0
26700,4049.74,1.94,13.74,0.333,-0.414,0.932,-0.043,2,128,2.29,0.777,380,0,17.67,6.67,8.36,19.53,0
26800,4049.92,1.73,17.16,0.507,-0.193,0.649,-0.283,2,6,2.86,0.54,303,0,22.86,8.59,16.51,13.05,0
26900,4049.63,2.12,25.75,0.088,0.778,1.395,-0.14,1,18,4.291,1.163,217,1,34.0,14.93,19.86,10.82,0
27000,4049.91,1.37,22.56,0.487,-0.624,1.642,-0.119,1,20,3.759,1.369,268,0,30.82,8.88,13.16,12.79,0
27100,4049.64,2.15,24.58,0.245,-0.072,1.095,-0.229,1,150,4.097,0.912,255,0,31.99,13.29,16.56,13.59,0
27200,4049.13,2.71,14.54,0.594,0.086,0.96,-0.896,2,22,2.424,0.8,267,0,18.69,4.65,8.31,19.84,0
27300,4049.13,2.47,17.98,0.029,-0.278,1.476,-0.199,2,22,2.997,1.23,313,1,25.35,5.22,16.72,16.04,0
27400,4049.14,2.26,21.78,0.286,0.321,1.003,-0.377,1,6,3.629,0.836,152,0,29.12,8.2,13.6,9.38,0
27500,4049.45,1.68,16.05,0.316,0.012,1.551,0.097,2,150,2.676,1.292,199,0,23.54,7.05,14.3,16.76,0
27600,4049.12,1.83,15.8,0.259,0.229,0.484,-0.093,2,144,2.634,0.403,167,0,21.72,7.5,12.23,22.11,0
27700,4049.39,1.59,17.67,0.566,0.109,1.151,-0.336,2,150,2.945,0.959,258,0,25.72,7.3,19.73,18.18,0
27800,4049.17,1.62,21.82,0.332,0.275,1.428,-0.057,1,150,3.637,1.19,356,0,30.04,13.55,16.19,13.17,0
27900,4048.98,1.23,17.13,0.326,-0.468,1.408,-0.394,2,22,2.855,1.174,283,0,23.38,7.98,6.47,17.8,0
28000,4048.78,2.01,15.54,0.371,-0.141,1.503,-0.571,1,150,2.59,1.252,334,1,20.35,10.34,19.19,12.02,0
28100,4048.62,3.04,24.73,0.26,-0.913,1.123,-0.517,2,134,4.122,0.936,290,0,35.38,10.62,11.24,20.68,0
28200,4048.31,2.01,21.63,0.495,0.041,0.99,-0.348,2,6,3.606,0.825,193,0,29.17,8.58,10.93,15.14,0
28300,4048.27,1.29,17.94,0.555,-0.672,1.416,0.027,1,130,2.989,1.18,209,1,24.29,6.59,12.87,9.19,0
28400,4048.38,2.55,20.5,0.399,-0.13,1.19,-0.276,2,134,3.417,0.992,120,0,28.38,10.3,17.09,13.68,0
28500,4048.66,2.19,13.69,0.289,0.507,1.742,-0.512,2,18,2.282,1.452,229,0,19.29,7.54,20.08,9.83,0
28600,4048.8,2.08,18.5,0.49,-0.046,1.901,-0.484,2,2,3.084,1.584,171,0,25.34,10.98,17.96,13.24,0
28700,4048.32,2.08,11.69,0.577,0.32,1.44,-0.266,3,132,1.949,1.2,126,0,14.68,5.44,16.95,21.71,0
28800,4048.03,2.92,16.98,0.222,0.148,1.157,-0.418,1,146,2.831,0.964,262,0,22.93,8.89,19.41,19.06,0
28900,4047.93,2.55,18.68,0.36,-0.229,1.436,-0.407,2,22,3.113,1.196,230,0,24.77,10.12,11.37,23.91,0
29000,4047.9,1.62,18.54,0.205,0.685,0.777,-0.441,2,134,3.091,0.648,366,0,27.28,7.14,7.72,14.81,0
29100,4047.89,2.12,20.89,0.254,-0.01,1.176,-0.056,2,130,3.482,0.98,374,0,28.0,9.85,14.18,20.22,0
29200,4047.88,1.99,23.83,0.638,-0.527,0.905,-0.598,2,150,3.972,0.754,284,0,32.41,11.89,16.44,13.58,0
29300,4047.93,1.84,16.87,0.754,0.113,1.335,-0.634,1,6,2.812,1.113,215,0,22.72,6.82,13.62,16.03,0
29400,4047.86,1.9,14.62,0.571,0.38,1.429,-0.619,2,18,2.437,1.191,257,1,19.83,7.65,17.77,9.79,0
29500,4047.91,2.18,24.74,0.221,-0.139,1.313,-0.279,2,150,4.123,1.094,316,0,32.38,10.47,9.16,22.23,0
29600,4048.02,1.14,20.63,0.36,-0.775,1.433,-0.079,3,130,3.439,1.195,218,1,27.94,9.42,15.88,12.39,0
29700,4047.94,1.78,18.85,0.791,0.29,1.295,0.137,2,150,3.142,1.079,267,0,25.86,12.8,11.41,12.21,0
29800,4047.86,1.98,24.65,0.743,0.603,1.002,-0.64,1,128,4.108,0.835,399,0,32.56,14.08,14.27,11.08,0
29900,4048.14,0.88,15.78,0.253,-0.567,1.578,0.171,2,130,2.63,1.315,198,0,20.57,7.1,14.44,18.41,0
30000,4048.22,2.84,15.22,0.43,-0.838,0.78,-0.192,3,146,2.537,0.65,300,0,21.47,5.94,10.27,11.19,0
30100,4048.46,2.33,24.07,0.631,0.202,1.064,-0.331,2,148,4.012,0.887,473,0,31.75,11.47,16.85,9.82,0
30200,4048.43,2.04,15.07,0.516,0.524,1.255,-0.777,2,132,2.512,1.046,136,0,21.3,9.04,17.68,7.59,0
30300,4048.54,2.85,21.34,0.64,0.029,0.569,-0.53,3,6,3.556,0.474,219,1,30.04,7.91,14.4,18.28,0
30400,4048.81,2.23,16.95,0.351,-0.21,1.69,-0.317,3,146,2.824,1.408,279,1,21.94,7.88,12.81,6.54,0
30500,4049.03,2.26,14.5,0.439,0.035,1.744,-0.102,3,6,2.417,1.453,280,0,17.26,4.59,14.25,13.95,0
30600,4049.2,2.59,14.1,0.316,0.208,0.314,0.301,1,2,2.35,0.262,339,0,20.87,3.97,9.0,15.01,0
30700,4049.06,1.46,11.01,0.497,0.161,0.88,-0.572,2,22,1.834,0.733,368,0,15.71,4.2,11.98,11.92,0
30800,4049.24,2.63,16.67,0.313,-0.108,1.151,-0.617,1,2,2.779,0.959,226,0,23.03,7.21,13.99,13.28,0
30900,4049.18,1.61,13.78,0.367,-0.199,0.836,-0.218,2,146,2.296,0.697,343,0,18.75,7.69,13.94,12.93,0
31000,4049.15,2.57,17.76,0.658,-0.043,0.384,0.011,2,22,2.961,0.32,256,1,23.82,7.3,17.36,18.91,0
31100,4049.1,2.25,19.41,0.187,-0.067,1.262,-0.051,2,6,3.234,1.052,158,1,25.14,10.96,12.9,21.6,0
31200,4049.16,2.06,22.78,0.665,-0.269,1.195,-0.139,2,130,3.797,0.996,310,1,31.15,11.88,18.78,15.24,0
31300,4049.16,2.27,17.53,0.445,-0.349,1.5,-0.307,2,146,2.921,1.25,174,1,22.67,6.58,12.82,16.81,0
31400,4049.1,2.22,25.12,0.503,-0.359,1.546,-0.374,1,22,4.187,1.288,120,0,35.13,12.09,25.08,17.14,0
31500,4049.07,2.02,17.11,0.642,-0.304,1.625,-0.204,2,22,2.852,1.355,374,0,23.96,3.89,16.27,20.29,0
31600,4048.91,1.78,20.98,0.257,0.373,1.854,-0.158,2,2,3.496,1.545,247,1,26.12,8.43,13.98,11.01,0
31700,4048.96,2.28,14.39,0.32,0.021,0.975,-0.468,2,22,2.399,0.812,195,0,21.03,7.62,10.04,12.98,0
31800,4048.82,1.74,19.45,0.205,-0.082,1.784,-0.195,2,130,3.242,1.487,286,1,26.46,8.55,20.14,17.35,0
31900,4048.5,2.04,17.02,0.568,-0.265,1.285,-0.888,2,18,2.836,1.071,234,0,25.52,8.14,15.04,13.84,0
32000,4048.39,2.34,21.11,0.403,0.629,0.907,-0.635,2,130,3.518,0.756,335,1,29.43,7.92,15.17,11.22,0
32100,4048.52,2.07,21.95,0.566,-0.308,1.808,-0.564,2,22,3.659,1.506,240,0,30.58,10.02,15.63,14.03,0
32200,4048.5,3.12,17.5,0.219,0.128,1.711,-0.225,2,16,2.917,1.426,313,1,25.42,9.22,11.48,20.36,0
32300,4048.62,2.39,12.29,0.503,-0.288,0.821,-0.554,2,22,2.048,0.684,288,1,16.31,2.89,19.23,8.06,0
32400,4048.75,1.78,12.47,0.52,-0.806,1.599,-0.122,2,150,2.078,1.333,301,0,16.39,7.35,11.06,17.18,0
32500,4048.4,2.69,19.74,0.251,-0.232,0.99,-0.501,2,134,3.29,0.825,208,1,26.55,11.35,6.15,17.48,0
32600,4048.91,2.25,23.69,0.485,-0.078,1.188,-0.424,2,146,3.949,0.99,220,0,30.16,9.57,20.52,19.53,0
32700,4048.67,0.96,15.56,0.261,0.4,1.143,-0.863,2,146,2.593,0.952,253,1,22.87,7.07,17.92,14.35,0
32800,4048.81,1.37,20.11,0.493,-0.112,0.703,-0.314,2,2,3.351,0.586,199,0,27.06,10.04,16.2,16.27,0
32900,4049.08,0.75,14.3,0.753,-0.108,0.333,0.148,3,134,2.383,0.278,269,0,17.59,5.11,14.6,16.35,0
33000,4049.08,2.68,18.43,0.617,-0.011,0.601,-0.542,2,134,3.072,0.501,219,0,27.3,5.92,14.32,14.73,0
33100,4049.09,2.22,18.63,0.364,0.553,1.574,-0.108,3,6,3.105,1.312,354,0,24.95,9.75,16.41,16.66,0
33200,4049.18,2.37,21.75,0.549,-0.117,1.181,-0.275,2,2,3.625,0.984,359,1,29.48,7.74,14.53,11.34,0
33300,4049.02,1.98,18.92,0.204,0.518,0.696,-0.902,2,146,3.153,0.58,423,0,26.79,8.24,16.87,12.44,0
33400,4048.92,2.1,17.45,0.272,-0.358,0.477,-0.478,2,150,2.909,0.397,147,1,23.99,8.32,13.09,10.88,0
33500,4049.07,2.28,20.77,0.486,0.253,0.792,-0.746,2,148,3.461,0.66,352,0,28.13,7.53,17.95,14.52,0
33600,4048.91,2.36,16.42,0.456,0.003,1.361,-0.427,1,128,2.737,1.134,264,0,23.04,6.8,13.09,16.25,0
33700,4049.05,2.11,21.62,0.531,-0.325,1.702,0.001,2,130,3.603,1.418,392,1,29.41,11.85,14.24,12.31,0
33800,4048.69,1.74,16.72,0.341,-0.004,0.853,-0.204,2,2,2.787,0.711,295,0,20.82,8.42,17.22,7.72,0
33900,4048.63,2.78,15.35,0.337,0.175,1.326,-0.515,1,22,2.558,1.105,326,0,22.1,9.68,10.5,9.45,0
34000,4048.51,2.34,23.42,0.515,0.1,1.919,-0.327,3,18,3.903,1.599,157,0,30.11,9.47,9.49,9.16,0
34100,4048.74,2.08,21.68,0.673,-0.289,1.323,0.012,2,6,3.613,1.102,311,0,28.66,12.02,15.49,12.0,0
34200,4048.6,1.96,19.52,0.31,-0.032,1.118,-0.154,1,150,3.254,0.932,184,0,26.58,10.16,7.82,11.72,0
34300,4048.43,2.35,19.47,0.367,-0.004,1.414,-0.503,3,2,3.244,1.178,319,0,26.35,8.26,14.05,12.79,0
34400,4048.68,1.85,15.81,0.604,-0.123,0.527,-0.43,3,148,2.634,0.439,287,0,19.58,5.72,17.26,10.45,0
34500,4049.09,2.63,20.3,0.399,-0.179,0.793,-0.553,2,146,3.383,0.661,277,1,27.6,8.69,16.18,18.3,0
34600,4049.18,2.46,15.45,0.794,-0.066,0.677,0.261,2,146,2.575,0.564,130,1,21.44,4.14,6.47,7.64,0
34700,4049.22,2.49,18.74,0.386,0.238,0.697,0.006,2,150,3.123,0.581,276,0,26.34,6.6,20.88,18.98,0
34800,4049.31,2.21,21.32,0.24,-0.372,0.743,-0.278,2,6,3.553,0.619,188,0,29.81,9.77,16.45,7.49,0
34900,4049.39,2.68,18.52,0.005,-0.354,0.145,0.048,2,16,3.086,0.12,306,0,26.0,9.9,10.62,19.22,0
35000,4049.72,1.27,23.52,0.636,0.169,1.497,-0.179,3,22,3.92,1.247,120,0,33.4,9.72,12.47,5.58,0
35100,4049.91,2.37,12.21,0.631,-0.269,0.917,-0.231,2,2,2.035,0.764,120,0,14.11,5.61,11.84,12.73,0
35200,4049.78,1.79,15.03,0.469,-0.526,1.462,-0.195,3,150,2.505,1.219,476,0,20.4,10.78,15.55,15.67,0
35300,4049.67,1.51,13.55,0.41,-0.89,1.825,-0.505,2,6,2.258,1.521,374,0,18.0,3.27,18.22,15.65,0
35400,4049.44,2.97,14.25,0.355,-0.436,2.016,-0.238,3,130,2.375,1.68,250,1,19.14,5.83,13.31,14.66,0
35500,4049.49,1.7,16.96,0.199,0.096,0.981,-0.601,3,18,2.827,0.817,364,0,23.69,8.71,18.32,11.77,0
35600,4049.58,2.2,20.45,0.507,-0.463,0.822,-0.004,2,2,3.408,0.685,242,0,27.58,6.36,11.05,10.13,0
35700,4049.75,2.02,18.73,0.597,0.915,1.405,-0.731,3,4,3.122,1.17,328,0,24.87,9.77,17.72,12.25,0
35800,4049.72,2.56,16.68,0.163,0.243,0.972,-0.827,2,22,2.78,0.81,322,0,22.49,7.95,13.7,10.23,0
35900,4049.53,1.04,17.99,0.081,0.664,1.178,0.075,3,2,2.998,0.981,160,1,27.18,4.78,10.74,15.79,0
